﻿<?xml version="1.0" encoding="utf-8"?>
<publishData>
  <publishProfile publishUrl="D:\work\MyProjects\VS2010\sjbgWebService\Pub" deleteExistingFiles="True" ftpAnonymousLogin="False" ftpPassiveMode="True" msdeploySite="" msdeploySiteID="" msdeployRemoteSitePhysicalPath="" msdeployAllowUntrustedCertificate="False" msdeploySkipExtraFilesOnServer="True" msdeployMarkAsApp="False" profileName="配置文件1" publishMethod="FileSystem" replaceMatchingFiles="False" userName="" savePWD="False" userPWD="" SelectedForPublish="True">
    <file relUrl="bin/sjbgWebService.pdb" publishTime="12/11/2014 15:56:36" />
    <file relUrl="bin/AE.Net.Mail.dll" publishTime="12/09/2014 20:57:06" />
    <file relUrl="aqxxptService.asmx" publishTime="12/09/2014 11:33:42" />
    <file relUrl="gwxxService.asmx" publishTime="12/10/2013 16:39:22" />
    <file relUrl="baseService.asmx" publishTime="12/12/2013 14:34:50" />
    <file relUrl="bin/sjbgWebService.XmlSerializers.dll" publishTime="12/11/2014 15:56:37" />
    <file relUrl="anquanService.asmx" publishTime="12/10/2014 09:43:14" />
    <file relUrl="bin/AE.Net.Mail.pdb" publishTime="12/09/2014 20:57:06" />
    <file relUrl="tqyjService.asmx" publishTime="03/31/2014 14:27:10" />
    <file relUrl="jianxiuService.asmx" publishTime="10/12/2014 01:04:22" />
    <file relUrl="youJianService.asmx" publishTime="08/12/2014 11:34:24" />
    <file relUrl="bin/sjbgWebService.dll" publishTime="12/11/2014 15:56:36" />
    <file relUrl="yunyongService.asmx" publishTime="09/18/2014 16:23:40" />
    <file relUrl="Web.config" publishTime="12/09/2014 21:01:10" />
    <file relUrl="xwxxService.asmx" publishTime="12/12/2013 17:38:12" />
    <file relUrl="sendfileService.asmx" publishTime="11/13/2014 10:20:22" />
    <file relUrl="weizhiService.asmx" publishTime="08/28/2014 15:51:50" />
    <file relUrl="zhiBanService.asmx" publishTime="03/26/2014 01:26:58" />
    <file relUrl="scjbService.asmx" publishTime="03/28/2014 14:48:00" />
  </publishProfile>
</publishData>